-- phpMyAdmin SQL Dump
-- version 4.5.2
-- http://www.phpmyadmin.net
--
-- Host: localhost
-- Generation Time: Jun 07, 2016 at 04:18 PM
-- Server version: 10.1.13-MariaDB
-- PHP Version: 5.6.21

SET SQL_MODE = "NO_AUTO_VALUE_ON_ZERO";
SET time_zone = "+00:00";


/*!40101 SET @OLD_CHARACTER_SET_CLIENT=@@CHARACTER_SET_CLIENT */;
/*!40101 SET @OLD_CHARACTER_SET_RESULTS=@@CHARACTER_SET_RESULTS */;
/*!40101 SET @OLD_COLLATION_CONNECTION=@@COLLATION_CONNECTION */;
/*!40101 SET NAMES utf8mb4 */;

--
-- Database: `image_search`
--

-- --------------------------------------------------------

--
-- Table structure for table `color_feature`
--

CREATE TABLE `color_feature` (
  `id` int(11) UNSIGNED NOT NULL,
  `color` varchar(10) NOT NULL,
  `created_at` datetime NOT NULL,
  `updated_at` datetime NOT NULL
) ENGINE=InnoDB DEFAULT CHARSET=latin1;

--
-- Dumping data for table `color_feature`
--

INSERT INTO `color_feature` (`id`, `color`, `created_at`, `updated_at`) VALUES
(1, '660000', '2016-05-31 07:26:31', '2016-05-31 07:26:31'),
(2, '990000', '2016-05-31 07:26:44', '2016-05-31 07:26:44'),
(3, 'CC0000', '2016-05-31 07:27:14', '2016-05-31 07:27:14'),
(4, 'CC3333', '2016-05-31 07:27:14', '2016-05-31 07:27:14'),
(5, 'EA4C88', '2016-05-31 07:27:38', '2016-05-31 07:27:38'),
(6, '993399', '2016-05-31 07:27:38', '2016-05-31 07:27:38'),
(7, '663399', '2016-05-31 07:27:56', '2016-05-31 07:27:56'),
(8, '333399', '2016-05-31 07:27:56', '2016-05-31 07:27:56'),
(9, '0066CC', '2016-05-31 07:28:15', '2016-05-31 07:28:15'),
(10, '0099CC', '2016-05-31 07:28:15', '2016-05-31 07:28:15'),
(11, '66CCCC', '2016-05-31 07:28:36', '2016-05-31 07:28:36'),
(12, '77CC33', '2016-05-31 07:28:36', '2016-05-31 07:28:36'),
(13, '669900', '2016-05-31 07:29:02', '2016-05-31 07:29:02'),
(14, '336600', '2016-05-31 07:29:02', '2016-05-31 07:29:02'),
(15, '666600', '2016-05-31 07:29:25', '2016-05-31 07:29:25'),
(16, '999900', '2016-05-31 07:29:25', '2016-05-31 07:29:25'),
(17, 'CCCC33', '2016-05-31 07:29:54', '2016-05-31 07:29:54'),
(18, 'FFFF00', '2016-05-31 07:29:54', '2016-05-31 07:29:54'),
(19, 'FFCC33', '2016-05-31 07:30:22', '2016-05-31 07:30:22'),
(20, 'FF9900', '2016-05-31 07:30:22', '2016-05-31 07:30:22'),
(21, 'FF6600', '2016-05-31 07:30:42', '2016-05-31 07:30:42'),
(22, 'CC6633', '2016-05-31 07:30:42', '2016-05-31 07:30:42'),
(23, '996633', '2016-05-31 07:31:02', '2016-05-31 07:31:02'),
(24, '663300', '2016-05-31 07:31:02', '2016-05-31 07:31:02'),
(25, '000000', '2016-05-31 07:31:24', '2016-05-31 07:31:24'),
(26, '999999', '2016-05-31 07:31:24', '2016-05-31 07:31:24'),
(27, 'CCCCCC', '2016-05-31 07:31:43', '2016-05-31 07:31:43'),
(28, 'FFFFFF', '2016-05-31 07:31:43', '2016-05-31 07:31:43'),
(29, 'E7D8B1', '2016-05-31 07:32:04', '2016-05-31 07:32:04'),
(30, 'FDADC7', '2016-05-31 07:32:04', '2016-05-31 07:32:04'),
(31, '424153', '2016-05-31 07:32:31', '2016-05-31 07:32:31'),
(32, 'ABBCDA', '2016-05-31 07:32:31', '2016-05-31 07:32:31'),
(33, 'F5DD01', '2016-05-31 07:32:45', '2016-05-31 07:32:45');

-- --------------------------------------------------------

--
-- Table structure for table `feature_image`
--

CREATE TABLE `feature_image` (
  `id` int(10) UNSIGNED NOT NULL,
  `image_id` int(11) UNSIGNED NOT NULL,
  `color_feature_id` int(11) UNSIGNED NOT NULL,
  `count` int(11) NOT NULL,
  `unique_col` varchar(100) NOT NULL,
  `created_at` datetime NOT NULL,
  `updated_at` datetime NOT NULL
) ENGINE=InnoDB DEFAULT CHARSET=latin1;

--
-- Dumping data for table `feature_image`
--

INSERT INTO `feature_image` (`id`, `image_id`, `color_feature_id`, `count`, `unique_col`, `created_at`, `updated_at`) VALUES
(1, 1, 1, 0, 'f899139df5e1059396431415e770c6dd', '2016-05-31 09:25:42', '2016-05-31 09:25:42'),
(2, 1, 2, 0, '5f93f983524def3dca464469d2cf9f3e', '2016-05-31 09:25:42', '2016-05-31 09:25:42'),
(3, 1, 3, 0, 'da4fb5c6e93e74d3df8527599fa62642', '2016-05-31 09:25:42', '2016-05-31 09:25:42'),
(4, 1, 4, 0, '9b8619251a19057cff70779273e95aa6', '2016-05-31 09:25:42', '2016-05-31 09:25:42'),
(5, 1, 5, 0, '1385974ed5904a438616ff7bdb3f7439', '2016-05-31 09:25:42', '2016-05-31 09:25:42'),
(6, 1, 6, 0, '7ef605fc8dba5425d6965fbd4c8fbe1f', '2016-05-31 09:25:42', '2016-05-31 09:25:42'),
(7, 1, 7, 0, 'b73ce398c39f506af761d2277d853a92', '2016-05-31 09:25:42', '2016-05-31 09:25:42'),
(8, 1, 8, 0, '149e9677a5989fd342ae44213df68868', '2016-05-31 09:25:42', '2016-05-31 09:25:42'),
(9, 1, 9, 0, '045117b0e0a11a242b9765e79cbf113f', '2016-05-31 09:25:42', '2016-05-31 09:25:42'),
(10, 1, 10, 0, 'cfecdb276f634854f3ef915e2e980c31', '2016-05-31 09:25:42', '2016-05-31 09:25:42'),
(11, 1, 11, 0, '1e6e0a04d20f50967c64dac2d639a577', '2016-05-31 09:25:42', '2016-05-31 09:25:42'),
(12, 1, 12, 29047, 'bb83cb2c1b79e6037bcbd76309d13d06', '2016-05-31 09:25:42', '2016-05-31 09:25:42'),
(13, 1, 13, 7786, 'a94d93e93bfb0dc8c3b708475a976ff3', '2016-05-31 09:25:42', '2016-05-31 09:25:42'),
(14, 1, 14, 0, '4a213d37242bdcad8e7300e202e7caa4', '2016-05-31 09:25:42', '2016-05-31 09:25:42'),
(15, 1, 15, 0, '8248a99e81e752cb9b41da3fc43fbe7f', '2016-05-31 09:25:42', '2016-05-31 09:25:42'),
(16, 1, 16, 0, '2b38c2df6a49b97f706ec9148ce48d86', '2016-05-31 09:25:42', '2016-05-31 09:25:42'),
(17, 1, 17, 0, '884d79963bd8bc0ae9b13a1aa71add73', '2016-05-31 09:25:42', '2016-05-31 09:25:42'),
(18, 1, 18, 0, '3eb71f6293a2a31f3569e10af6552658', '2016-05-31 09:25:42', '2016-05-31 09:25:42'),
(19, 1, 19, 0, '6eb6e75fddec0218351dc5c0c8464104', '2016-05-31 09:25:42', '2016-05-31 09:25:42'),
(20, 1, 20, 0, '160c88652d47d0be60bfbfed25111412', '2016-05-31 09:25:42', '2016-05-31 09:25:42'),
(21, 1, 21, 0, 'fe2d010308a6b3799a3d9c728ee74244', '2016-05-31 09:25:42', '2016-05-31 09:25:42'),
(22, 1, 22, 0, 'f7cade80b7cc92b991cf4d2806d6bd78', '2016-05-31 09:25:42', '2016-05-31 09:25:42'),
(23, 1, 23, 0, 'b24d516bb65a5a58079f0f3526c87c57', '2016-05-31 09:25:42', '2016-05-31 09:25:42'),
(24, 1, 24, 0, '4122cb13c7a474c1976c9706ae36521d', '2016-05-31 09:25:42', '2016-05-31 09:25:42'),
(25, 1, 25, 0, 'a9078e8653368c9c291ae2f8b74012e7', '2016-05-31 09:25:42', '2016-05-31 09:25:42'),
(26, 1, 26, 0, '81e5f81db77c596492e6f1a5a792ed53', '2016-05-31 09:25:42', '2016-05-31 09:25:42'),
(27, 1, 27, 0, 'f4573fc71c731d5c362f0d7860945b88', '2016-05-31 09:25:42', '2016-05-31 09:25:42'),
(28, 1, 28, 0, 'c850371fda6892fbfd1c5a5b457e5777', '2016-05-31 09:25:42', '2016-05-31 09:25:42'),
(29, 1, 29, 0, 'da11e8cd1811acb79ccf0fd62cd58f86', '2016-05-31 09:25:42', '2016-05-31 09:25:42'),
(30, 1, 30, 0, '70222949cc0db89ab32c9969754d4758', '2016-05-31 09:25:42', '2016-05-31 09:25:42'),
(31, 1, 31, 0, '6f3e29a35278d71c7f65495871231324', '2016-05-31 09:25:42', '2016-05-31 09:25:42'),
(32, 1, 32, 0, '535ab76633d94208236a2e829ea6d888', '2016-05-31 09:25:42', '2016-05-31 09:25:42'),
(33, 1, 33, 75100, '55bd094ca490a626539b8397fea06d5d', '2016-05-31 09:25:42', '2016-05-31 09:25:42'),
(34, 2, 1, 0, '3644a684f98ea8fe223c713b77189a77', '2016-05-31 09:25:43', '2016-05-31 09:25:43'),
(35, 2, 2, 0, '6f3ef77ac0e3619e98159e9b6febf557', '2016-05-31 09:25:43', '2016-05-31 09:25:43'),
(36, 2, 3, 0, 'ec8ce6abb3e952a85b8551ba726a1227', '2016-05-31 09:25:43', '2016-05-31 09:25:43'),
(37, 2, 4, 0, '6da9003b743b65f4c0ccd295cc484e57', '2016-05-31 09:25:43', '2016-05-31 09:25:43'),
(38, 2, 5, 0, '335f5352088d7d9bf74191e006d8e24c', '2016-05-31 09:25:43', '2016-05-31 09:25:43'),
(39, 2, 6, 0, '6c9882bbac1c7093bd25041881277658', '2016-05-31 09:25:43', '2016-05-31 09:25:43'),
(40, 2, 7, 0, 'a4f23670e1833f3fdb077ca70bbd5d66', '2016-05-31 09:25:43', '2016-05-31 09:25:43'),
(41, 2, 8, 0, '39059724f73a9969845dfe4146c5660e', '2016-05-31 09:25:43', '2016-05-31 09:25:43'),
(42, 2, 9, 0, '92c8c96e4c37100777c7190b76d28233', '2016-05-31 09:25:43', '2016-05-31 09:25:43'),
(43, 2, 10, 0, 'f90f2aca5c640289d0a29417bcb63a37', '2016-05-31 09:25:43', '2016-05-31 09:25:43'),
(44, 2, 11, 0, '2cad8fa47bbef282badbb8de5374b894', '2016-05-31 09:25:43', '2016-05-31 09:25:43'),
(45, 2, 12, 0, 'c3535febaff29fcb7c0d20cbe94391c7', '2016-05-31 09:25:43', '2016-05-31 09:25:43'),
(46, 2, 13, 94433, '3b7e816191ad04d9fe874b77f07f1253', '2016-05-31 09:25:43', '2016-05-31 09:25:43'),
(47, 2, 14, 28859, '5f108a553de8f530bd4fc4542328fc14', '2016-05-31 09:25:43', '2016-05-31 09:25:43'),
(48, 2, 15, 24722, '75da3883f078de3832450a93b3615975', '2016-05-31 09:25:43', '2016-05-31 09:25:43'),
(49, 2, 16, 0, '24917db15c4e37e421866448c9ab23d8', '2016-05-31 09:25:43', '2016-05-31 09:25:43'),
(50, 2, 17, 0, '1819932ff5cf474f4f19e7c7024640c2', '2016-05-31 09:25:43', '2016-05-31 09:25:43'),
(51, 2, 18, 87537, '4b068942ee0062027c546592d0f9b98d', '2016-05-31 09:25:43', '2016-05-31 09:25:43'),
(52, 2, 19, 0, '3a1dd98341fafc1dfe9bcf36360e6b84', '2016-05-31 09:25:43', '2016-05-31 09:25:43'),
(53, 2, 20, 0, '0a87257e5308197df43230edf4ad1dae', '2016-05-31 09:25:43', '2016-05-31 09:25:43'),
(54, 2, 21, 0, '5249ee8e0cff02ad6b4cc0ee0e50b7d1', '2016-05-31 09:25:43', '2016-05-31 09:25:43'),
(55, 2, 22, 0, '1368ba1ab6ed38bb1f26f36673739d54', '2016-05-31 09:25:43', '2016-05-31 09:25:43'),
(56, 2, 23, 0, 'd2a27e83d429f0dcae6b937cf440aeb1', '2016-05-31 09:25:43', '2016-05-31 09:25:43'),
(57, 2, 24, 0, '329e6581efbc90bd92a1f22c4ba2103d', '2016-05-31 09:25:43', '2016-05-31 09:25:43'),
(58, 2, 25, 0, 'd4dd111a4fd973394238aca5c05bebe3', '2016-05-31 09:25:43', '2016-05-31 09:25:43'),
(59, 2, 26, 0, 'a07c2f3b3b907aaf8436a26c6d77f0a2', '2016-05-31 09:25:43', '2016-05-31 09:25:43'),
(60, 2, 27, 43512, 'fc7416f570619a14618f2d65fb239bd7', '2016-05-31 09:25:43', '2016-05-31 09:25:43'),
(61, 2, 28, 167614, '6bd9283e18b32448f27f7c408cf42127', '2016-05-31 09:25:43', '2016-05-31 09:25:43'),
(62, 2, 29, 0, 'dc16622ddc767e6bc1200fe5df2fbdfb', '2016-05-31 09:25:43', '2016-05-31 09:25:43'),
(63, 2, 30, 33192, '5714f72d4d0abc9261cae95b1205dbd1', '2016-05-31 09:25:43', '2016-05-31 09:25:43'),
(64, 2, 31, 0, '46a558d97954d0692411c861cf78ef79', '2016-05-31 09:25:43', '2016-05-31 09:25:43'),
(65, 2, 32, 0, '49c0b9d84c2a16fcaf9d25694fda75e1', '2016-05-31 09:25:43', '2016-05-31 09:25:43'),
(66, 2, 33, 0, 'a70dc40477bc2adceef4d2c90f47eb82', '2016-05-31 09:25:43', '2016-05-31 09:25:43'),
(67, 3, 1, 0, '94f6d7e04a4d452035300f18b984988c', '2016-05-31 09:25:43', '2016-05-31 09:25:43'),
(68, 3, 2, 0, '06eb61b839a0cefee4967c67ccb099dc', '2016-05-31 09:25:43', '2016-05-31 09:25:43'),
(69, 3, 3, 22348, '8c9cf4fd7f611d6f8991289007eae7ff', '2016-05-31 09:25:43', '2016-05-31 09:25:43'),
(70, 3, 4, 44305, '6fbf887bd55c404fe10a3173f119c0f1', '2016-05-31 09:25:43', '2016-05-31 09:25:43'),
(71, 3, 5, 48492, '3fe4aff2bb6c13e85d49cb6ce5b60a5d', '2016-05-31 09:25:43', '2016-05-31 09:25:43'),
(72, 3, 6, 37989, '6ff9eff2c3e577f545279c505a16c350', '2016-05-31 09:25:43', '2016-05-31 09:25:43'),
(73, 3, 7, 0, 'e7b24b112a44fdd9ee93bdf998c6ca0e', '2016-05-31 09:25:43', '2016-05-31 09:25:43'),
(74, 3, 8, 0, 'd709f38ef758b5066ef31b18039b8ce5', '2016-05-31 09:25:43', '2016-05-31 09:25:43'),
(75, 3, 9, 0, 'bca82e41ee7b0833588399b1fcd177c7', '2016-05-31 09:25:43', '2016-05-31 09:25:43'),
(76, 3, 10, 0, 'a01a0380ca3c61428c26a231f0e49a09', '2016-05-31 09:25:43', '2016-05-31 09:25:43'),
(77, 3, 11, 0, 'cc3d69ed781b16bce06687822ae56e6d', '2016-05-31 09:25:43', '2016-05-31 09:25:43'),
(78, 3, 12, 0, 'e9fb2eda3d9c55a0d89c98d6c54b5b3e', '2016-05-31 09:25:43', '2016-05-31 09:25:43'),
(79, 3, 13, 0, 'f231f2107df69eab0a3862d50018a9b2', '2016-05-31 09:25:43', '2016-05-31 09:25:43'),
(80, 3, 14, 0, 'c922de9e01cba8a4684f6c3471130e4c', '2016-05-31 09:25:43', '2016-05-31 09:25:43'),
(81, 3, 15, 0, '747d3443e319a22747fbb873e8b2f9f2', '2016-05-31 09:25:43', '2016-05-31 09:25:43'),
(82, 3, 16, 0, '77ee3bc58ce560b86c2b59363281e914', '2016-05-31 09:25:43', '2016-05-31 09:25:43'),
(83, 3, 17, 0, '9808ae38758804501ca3fc0697050e03', '2016-05-31 09:25:43', '2016-05-31 09:25:43'),
(84, 3, 18, 0, '73e5080f0f3804cb9cf470a8ce895dac', '2016-05-31 09:25:43', '2016-05-31 09:25:43'),
(85, 3, 19, 0, 'c20a7ce2a627ba838cfbff082db35197', '2016-05-31 09:25:43', '2016-05-31 09:25:43'),
(86, 3, 20, 0, '07c4b1fdd1ef8da2d7e9393071204b71', '2016-05-31 09:25:43', '2016-05-31 09:25:43'),
(87, 3, 21, 0, '731ae30af8750c2d28720ea3c1f8c2b1', '2016-05-31 09:25:43', '2016-05-31 09:25:43'),
(88, 3, 22, 0, '731309c4bb223491a9f67eac5214fb2e', '2016-05-31 09:25:43', '2016-05-31 09:25:43'),
(89, 3, 23, 0, '5812f92450ccaf17275500841c70924a', '2016-05-31 09:25:43', '2016-05-31 09:25:43'),
(90, 3, 24, 0, 'c12706a7c6e8d6476c3d2b6ae0042a82', '2016-05-31 09:25:43', '2016-05-31 09:25:43'),
(91, 3, 25, 0, 'd15426b9c324676610fbb01360473ed8', '2016-05-31 09:25:43', '2016-05-31 09:25:43'),
(92, 3, 26, 0, '326fb04c3abf030fe3f4e341f39b573f', '2016-05-31 09:25:43', '2016-05-31 09:25:43'),
(93, 3, 27, 0, 'd54ce9de9df77c579775a7b6b1a4bdc0', '2016-05-31 09:25:43', '2016-05-31 09:25:43'),
(94, 3, 28, 0, '3f7bcd0b3ea822683bba8fc530f151bd', '2016-05-31 09:25:43', '2016-05-31 09:25:43'),
(95, 3, 29, 222706, '9d7cc5f5bdcd97a6e3bade90e60c0104', '2016-05-31 09:25:43', '2016-05-31 09:25:43'),
(96, 3, 30, 0, '3a30be93eb45566a90f4e95ee72a089a', '2016-05-31 09:25:43', '2016-05-31 09:25:43'),
(97, 3, 31, 21553, 'b25a00e3880b2defc899acf23dd9965c', '2016-05-31 09:25:43', '2016-05-31 09:25:43'),
(98, 3, 32, 0, '69386f6bb1dfed68692a24c8686939b9', '2016-05-31 09:25:43', '2016-05-31 09:25:43'),
(99, 3, 33, 0, '36ed197b3f31618fdbadb3df86f804bd', '2016-05-31 09:25:43', '2016-05-31 09:25:43'),
(100, 4, 1, 0, '18d8042386b79e2c279fd162df0205c8', '2016-05-31 09:25:43', '2016-05-31 09:25:43'),
(101, 4, 2, 0, '1068c6e4c8051cfd4e9ea8072e3189e2', '2016-05-31 09:25:43', '2016-05-31 09:25:43'),
(102, 4, 3, 0, 'b6f0479ae87d244975439c6124592772', '2016-05-31 09:25:43', '2016-05-31 09:25:43'),
(103, 4, 4, 0, 'f74909ace68e51891440e4da0b65a70c', '2016-05-31 09:25:43', '2016-05-31 09:25:43'),
(104, 4, 5, 0, 'a8abb4bb284b5b27aa7cb790dc20f80b', '2016-05-31 09:25:43', '2016-05-31 09:25:43'),
(105, 4, 6, 0, 'f5f8590cd58a54e94377e6ae2eded4d9', '2016-05-31 09:25:43', '2016-05-31 09:25:43'),
(106, 4, 7, 0, '98b297950041a42470269d56260243a1', '2016-05-31 09:25:43', '2016-05-31 09:25:43'),
(107, 4, 8, 0, '26337353b7962f533d78c762373b3318', '2016-05-31 09:25:43', '2016-05-31 09:25:43'),
(108, 4, 9, 0, '6ea2ef7311b482724a9b7b0bc0dd85c6', '2016-05-31 09:25:43', '2016-05-31 09:25:43'),
(109, 4, 10, 0, 'c410003ef13d451727aeff9082c29a5c', '2016-05-31 09:25:43', '2016-05-31 09:25:43'),
(110, 4, 11, 0, 'a3ec6dd8d538712a581e5b24726ce062', '2016-05-31 09:25:43', '2016-05-31 09:25:43'),
(111, 4, 12, 0, 'c42f891cebbc81aa59f8f183243ac2b9', '2016-05-31 09:25:43', '2016-05-31 09:25:43'),
(112, 4, 13, 0, 'b986700c627db479a4d9460b75de7222', '2016-05-31 09:25:43', '2016-05-31 09:25:43'),
(113, 4, 14, 0, 'c929f2210333206f417e3862f431776d', '2016-05-31 09:25:43', '2016-05-31 09:25:43'),
(114, 4, 15, 0, '4f05d4821fe9967817dea5a20c4e7b35', '2016-05-31 09:25:43', '2016-05-31 09:25:43'),
(115, 4, 16, 0, '8b5c8441a8ff8e151b191c53c1842a38', '2016-05-31 09:25:43', '2016-05-31 09:25:43'),
(116, 4, 17, 0, 'f816dc0acface7498e10496222e9db10', '2016-05-31 09:25:43', '2016-05-31 09:25:43'),
(117, 4, 18, 0, 'adc8ca1b15e20915c3ea6008fc2f52ed', '2016-05-31 09:25:43', '2016-05-31 09:25:43'),
(118, 4, 19, 0, '96b250a90d3cf0868c83f8c965142d2a', '2016-05-31 09:25:43', '2016-05-31 09:25:43'),
(119, 4, 20, 30410, 'd339fc9f0c1f2097a34782786572098e', '2016-05-31 09:25:43', '2016-05-31 09:25:43'),
(120, 4, 21, 16335, '023a51a6c43007fbd3ac4be85c4a0a02', '2016-05-31 09:25:43', '2016-05-31 09:25:43'),
(121, 4, 22, 0, 'ef35613fc5fa4c4c512d552533f5e6f2', '2016-05-31 09:25:43', '2016-05-31 09:25:43'),
(122, 4, 23, 0, '35d02fef7d9a24e237057162abab82b7', '2016-05-31 09:25:43', '2016-05-31 09:25:43'),
(123, 4, 24, 0, 'c0e19ce0dbabbc0d17a4f8d4324cc8e3', '2016-05-31 09:25:43', '2016-05-31 09:25:43'),
(124, 4, 25, 0, 'fd272fe04b7d4e68effd01bddcc6bb34', '2016-05-31 09:25:43', '2016-05-31 09:25:43'),
(125, 4, 26, 0, 'fcac695db02687ffb7955b66a43fe6e6', '2016-05-31 09:25:43', '2016-05-31 09:25:43'),
(126, 4, 27, 0, '5101a4796c5127131b2112e2bc6fe02b', '2016-05-31 09:25:43', '2016-05-31 09:25:43'),
(127, 4, 28, 0, '39b8f721582654655a6999aabe905204', '2016-05-31 09:25:43', '2016-05-31 09:25:43'),
(128, 4, 29, 83694, '039b4218cdb51a8db3b2610b1addd826', '2016-05-31 09:25:43', '2016-05-31 09:25:43'),
(129, 4, 30, 17752, '3aed80c5fe13bbfc438e844631b50568', '2016-05-31 09:25:43', '2016-05-31 09:25:43'),
(130, 4, 31, 0, 'acf666483bc8723fae7feda6f6a9cb7a', '2016-05-31 09:25:43', '2016-05-31 09:25:43'),
(131, 4, 32, 0, 'c96c08f8bb7960e11a1239352a479053', '2016-05-31 09:25:43', '2016-05-31 09:25:43'),
(132, 4, 33, 0, 'e0640c93b05097a9380870aa06aa0df4', '2016-05-31 09:25:43', '2016-05-31 09:25:43'),
(133, 5, 1, 0, 'cee631121c2ec9232f3a2f028ad5c89b', '2016-05-31 09:25:43', '2016-05-31 09:25:43'),
(134, 5, 2, 0, '087408522c31eeb1f982bc0eaf81d35f', '2016-05-31 09:25:43', '2016-05-31 09:25:43'),
(135, 5, 3, 0, 'cf67355a3333e6e143439161adc2d82e', '2016-05-31 09:25:43', '2016-05-31 09:25:43'),
(136, 5, 4, 10626, 'a2eac85acb7c24aa81321d9791019326', '2016-05-31 09:25:43', '2016-05-31 09:25:43'),
(137, 5, 5, 64432, '0690a7df3fff223b9a4205f5962dfffb', '2016-05-31 09:25:43', '2016-05-31 09:25:43'),
(138, 5, 6, 10305, '339c3c5ec53d5ec5eb23498770e9916e', '2016-05-31 09:25:43', '2016-05-31 09:25:43'),
(139, 5, 7, 0, 'a9a6653e48976138166de32772b1bf40', '2016-05-31 09:25:43', '2016-05-31 09:25:43'),
(140, 5, 8, 0, 'a86c450b76fb8c371afead6410d55534', '2016-05-31 09:25:43', '2016-05-31 09:25:43'),
(141, 5, 9, 0, '069d3bb002acd8d7dd095917f9efe4cb', '2016-05-31 09:25:43', '2016-05-31 09:25:43'),
(142, 5, 10, 0, '08b255a5d42b89b0585260b6f2360bdd', '2016-05-31 09:25:43', '2016-05-31 09:25:43'),
(143, 5, 11, 0, '91bc333f6967019ac47b49ca0f2fa757', '2016-05-31 09:25:43', '2016-05-31 09:25:43'),
(144, 5, 12, 0, '3f1656d9668dffcf8119e3ecff873558', '2016-05-31 09:25:43', '2016-05-31 09:25:43'),
(145, 5, 13, 0, '6aadca7bd86c4743e6724f9607256126', '2016-05-31 09:25:43', '2016-05-31 09:25:43'),
(146, 5, 14, 0, 'c64a9829fa4638ff5de86330dd227e35', '2016-05-31 09:25:43', '2016-05-31 09:25:43'),
(147, 5, 15, 0, '5ef99d16d1954578b0df2f38b866449b', '2016-05-31 09:25:43', '2016-05-31 09:25:43'),
(148, 5, 16, 0, '26c0a195973b46ba52a013c89dd82315', '2016-05-31 09:25:43', '2016-05-31 09:25:43'),
(149, 5, 17, 0, 'cb8a08a240f3ea7c99b220d24f54f477', '2016-05-31 09:25:43', '2016-05-31 09:25:43'),
(150, 5, 18, 0, '1f5069142727648138a54524b5beeb58', '2016-05-31 09:25:43', '2016-05-31 09:25:43'),
(151, 5, 19, 0, 'fa3dade3a49305f27f64203452ac954c', '2016-05-31 09:25:43', '2016-05-31 09:25:43'),
(152, 5, 20, 0, '47698c15fb83a1e5bb1400accbb17f82', '2016-05-31 09:25:43', '2016-05-31 09:25:43'),
(153, 5, 21, 0, 'f4d0e2e7fc057a58f7ca4a391f01940a', '2016-05-31 09:25:43', '2016-05-31 09:25:43'),
(154, 5, 22, 0, 'e7d4c8d4fe04d9b4539a075d809c6d01', '2016-05-31 09:25:43', '2016-05-31 09:25:43'),
(155, 5, 23, 0, '29c4a0e4ef7d1969a94a5f4aadd20690', '2016-05-31 09:25:43', '2016-05-31 09:25:43'),
(156, 5, 24, 0, '28b9f8aa9f07db88404721af4a5b6c11', '2016-05-31 09:25:43', '2016-05-31 09:25:43'),
(157, 5, 25, 0, '29daf9442f3c0b60642b14c081b4a556', '2016-05-31 09:25:43', '2016-05-31 09:25:43'),
(158, 5, 26, 0, '48653af2e798bc96b6ef0b76d8a02139', '2016-05-31 09:25:43', '2016-05-31 09:25:43'),
(159, 5, 27, 0, '6018df1842f7130f1b85a6f8e911b96b', '2016-05-31 09:25:43', '2016-05-31 09:25:43'),
(160, 5, 28, 0, 'c4bbac870026694953a91cbd99149a13', '2016-05-31 09:25:43', '2016-05-31 09:25:43'),
(161, 5, 29, 86165, '3b72de970f97faa848cca8bfe103c38c', '2016-05-31 09:25:43', '2016-05-31 09:25:43'),
(162, 5, 30, 0, '6e7d5d259be7bf56ed79029c4e621f44', '2016-05-31 09:25:43', '2016-05-31 09:25:43'),
(163, 5, 31, 0, 'bd380c81db012b113b6ab112b847e52b', '2016-05-31 09:25:43', '2016-05-31 09:25:43'),
(164, 5, 32, 0, 'a753a43564c29148df3150afb4475440', '2016-05-31 09:25:43', '2016-05-31 09:25:43'),
(165, 5, 33, 0, '3a2a9aef4cbed81244820a091667c0bd', '2016-05-31 09:25:43', '2016-05-31 09:25:43'),
(166, 7, 1, 0, 'e5841df2166dd424a57127423d276bbe', '2016-05-31 09:25:43', '2016-05-31 09:25:43'),
(167, 7, 2, 0, 'e70611883d2760c8bbafb4acb29e3446', '2016-05-31 09:25:43', '2016-05-31 09:25:43'),
(168, 7, 3, 0, '5f2c22cb4a5380af7ca75622a6426917', '2016-05-31 09:25:43', '2016-05-31 09:25:43'),
(169, 7, 4, 0, 'd5cfead94f5350c12c322b5b664544c1', '2016-05-31 09:25:43', '2016-05-31 09:25:43'),
(170, 7, 5, 0, 'edfbe1afcf9246bb0d40eb4d8027d90f', '2016-05-31 09:25:43', '2016-05-31 09:25:43'),
(171, 7, 6, 0, 'b137fdd1f79d56c7edf3365fea7520f2', '2016-05-31 09:25:43', '2016-05-31 09:25:43'),
(172, 7, 7, 0, '2ca65f58e35d9ad45bf7f3ae5cfd08f1', '2016-05-31 09:25:43', '2016-05-31 09:25:43'),
(173, 7, 8, 0, '4ea06fbc83cdd0a06020c35d50e1e89a', '2016-05-31 09:25:43', '2016-05-31 09:25:43'),
(174, 7, 9, 40987, 'cec4793048aff285f9776ef045d028f5', '2016-05-31 09:25:43', '2016-05-31 09:25:43'),
(175, 7, 10, 0, '2dace78f80bc92e6d7493423d729448e', '2016-05-31 09:25:43', '2016-05-31 09:25:43'),
(176, 7, 11, 0, '9d94c8981a48d12adfeecfe1ae6e0ec1', '2016-05-31 09:25:43', '2016-05-31 09:25:43'),
(177, 7, 12, 0, '7da9fd85999f583e3906f99a3ee58911', '2016-05-31 09:25:43', '2016-05-31 09:25:43'),
(178, 7, 13, 0, 'ac3870fcad1cfc367825cda0101eee62', '2016-05-31 09:25:43', '2016-05-31 09:25:43'),
(179, 7, 14, 0, '9afbe998374ca7326d35d84180786096', '2016-05-31 09:25:43', '2016-05-31 09:25:43'),
(180, 7, 15, 0, '348a38cd25abeab0e440f37510e9b1fa', '2016-05-31 09:25:43', '2016-05-31 09:25:43'),
(181, 7, 16, 0, 'c20bb2d9a50d5ac1f713f8b34d9aac5a', '2016-05-31 09:25:43', '2016-05-31 09:25:43'),
(182, 7, 17, 0, '525b8410cc8612283c9ecaf9a319f8ed', '2016-05-31 09:25:43', '2016-05-31 09:25:43'),
(183, 7, 18, 0, '9eb53b5052d534ea2619ca03b5649af7', '2016-05-31 09:25:43', '2016-05-31 09:25:43'),
(184, 7, 19, 0, '674e68d7f978c31eafc8e7a300ce9bc2', '2016-05-31 09:25:43', '2016-05-31 09:25:43'),
(185, 7, 20, 0, '7a47f991e304fd013ba300505eb42fd7', '2016-05-31 09:25:43', '2016-05-31 09:25:43'),
(186, 7, 21, 3811, 'f0fe552cb05a01e3042e0461d27f2c5e', '2016-05-31 09:25:43', '2016-05-31 09:25:43'),
(187, 7, 22, 0, 'df308fd90635b28d82558cf580c73ed9', '2016-05-31 09:25:43', '2016-05-31 09:25:43'),
(188, 7, 23, 0, 'bd4828247647544af24a15ac79a1ef9f', '2016-05-31 09:25:43', '2016-05-31 09:25:43'),
(189, 7, 24, 0, 'f0b76267fbe12b936bd65e203dc675c1', '2016-05-31 09:25:43', '2016-05-31 09:25:43'),
(190, 7, 25, 0, 'f0d7053396e765bf52de12133cf1afe8', '2016-05-31 09:25:43', '2016-05-31 09:25:43'),
(191, 7, 26, 0, '8ce6fc704072e351679ac97d4a985574', '2016-05-31 09:25:43', '2016-05-31 09:25:43'),
(192, 7, 27, 0, 'c705112d1ec18b97acac7e2d63973424', '2016-05-31 09:25:43', '2016-05-31 09:25:43'),
(193, 7, 28, 0, '7f489f642a0ddb10272b5c31057f0663', '2016-05-31 09:25:43', '2016-05-31 09:25:43'),
(194, 7, 29, 0, 'b05b57f6add810d3b7490866d74c0053', '2016-05-31 09:25:43', '2016-05-31 09:25:43'),
(195, 7, 30, 0, 'c54d2118d6a3a2b06f07e9eeb240d741', '2016-05-31 09:25:43', '2016-05-31 09:25:43'),
(196, 7, 31, 0, '220787ad7829c9cbc7e9953cb1c36fb3', '2016-05-31 09:25:43', '2016-05-31 09:25:43'),
(197, 7, 32, 0, 'e5a90182cc81e12ab5e72d66e0b46fe3', '2016-05-31 09:25:43', '2016-05-31 09:25:43'),
(198, 7, 33, 0, '8b1ecf6d8049bb062a356f1cc812e69e', '2016-05-31 09:25:43', '2016-05-31 09:25:43'),
(199, 6, 1, 0, 'd490d7b4576290fa60eb31b5fc917ad1', '2016-05-31 09:25:43', '2016-05-31 09:25:43'),
(200, 6, 2, 0, '00ac8ed3b4327bdd4ebbebcb2ba10a00', '2016-05-31 09:25:43', '2016-05-31 09:25:43'),
(201, 6, 3, 0, 'b73dfe25b4b8714c029b37a6ad3006fa', '2016-05-31 09:25:43', '2016-05-31 09:25:43'),
(202, 6, 4, 0, '9cc138f8dc04cbf16240daa92d8d50e2', '2016-05-31 09:25:43', '2016-05-31 09:25:43'),
(203, 6, 5, 20478, '9d299c2903a2d80f98751781b1efe968', '2016-05-31 09:25:43', '2016-05-31 09:25:43'),
(204, 6, 6, 0, '884d247c6f65a96a7da4d1105d584ddd', '2016-05-31 09:25:43', '2016-05-31 09:25:43'),
(205, 6, 7, 0, '68264bdb65b97eeae6788aa3348e553c', '2016-05-31 09:25:43', '2016-05-31 09:25:43'),
(206, 6, 8, 0, '17c276c8e723eb46aef576537e9d56d0', '2016-05-31 09:25:43', '2016-05-31 09:25:43'),
(207, 6, 9, 0, 'fccb3cdc9acc14a6e70a12f74560c026', '2016-05-31 09:25:43', '2016-05-31 09:25:43'),
(208, 6, 10, 0, 'c06d06da9666a219db15cf575aff2824', '2016-05-31 09:25:43', '2016-05-31 09:25:43'),
(209, 6, 11, 0, '802a5fd4efb36391dfa8f1991fd0f849', '2016-05-31 09:25:43', '2016-05-31 09:25:43'),
(210, 6, 12, 0, '5460b9ea1986ec386cb64df22dff37be', '2016-05-31 09:25:43', '2016-05-31 09:25:43'),
(211, 6, 13, 0, 'cfa258af990f9cb188d36ddb5c6eb650', '2016-05-31 09:25:43', '2016-05-31 09:25:43'),
(212, 6, 14, 0, '7b99efbc101a6013d2c710028bca5cbf', '2016-05-31 09:25:43', '2016-05-31 09:25:43'),
(213, 6, 15, 0, '3d7d9461075eb7c37fbbfcad1d7042c1', '2016-05-31 09:25:43', '2016-05-31 09:25:43'),
(214, 6, 16, 0, '598a90004bace6540f0e2230bdc47c09', '2016-05-31 09:25:43', '2016-05-31 09:25:43'),
(215, 6, 17, 0, 'fa3060edb66e6ff4507886f9912e1ab9', '2016-05-31 09:25:43', '2016-05-31 09:25:43'),
(216, 6, 18, 0, '2ccc2826b445aebac6f6b3f8013e7931', '2016-05-31 09:25:43', '2016-05-31 09:25:43'),
(217, 6, 19, 0, 'dffa23e3f38973de8a5a2bce627e261b', '2016-05-31 09:25:43', '2016-05-31 09:25:43'),
(218, 6, 20, 0, '16837163fee34175358a47e0b51485ff', '2016-05-31 09:25:43', '2016-05-31 09:25:43'),
(219, 6, 21, 0, 'dd409260aea46a90e61b9a69fb9726ef', '2016-05-31 09:25:43', '2016-05-31 09:25:43'),
(220, 6, 22, 0, 'e564618b1a0f9a0e5b043f63d43fc065', '2016-05-31 09:25:43', '2016-05-31 09:25:43'),
(221, 6, 23, 0, '90cc440b1b8caa520c562ac4e4bbcb51', '2016-05-31 09:25:43', '2016-05-31 09:25:43'),
(222, 6, 24, 16600, '7ac588a439a0a64ac1dc2d3243f36572', '2016-05-31 09:25:43', '2016-05-31 09:25:43'),
(223, 6, 25, 0, '405075699f065e43581f27d67bb68478', '2016-05-31 09:25:43', '2016-05-31 09:25:43'),
(224, 6, 26, 0, '947018640bf36a2bb609d3557a285329', '2016-05-31 09:25:43', '2016-05-31 09:25:43'),
(225, 6, 27, 78900, '3cb175b460fcc1b52a599ac63f8ae396', '2016-05-31 09:25:43', '2016-05-31 09:25:43'),
(226, 6, 28, 0, '75a7e9d83024b7ce00fe9cd2aa0bd0c5', '2016-05-31 09:25:43', '2016-05-31 09:25:43'),
(227, 6, 29, 0, '9b10a919ddeb07e103dc05ff523afe38', '2016-05-31 09:25:43', '2016-05-31 09:25:43'),
(228, 6, 30, 36860, '00e2ea01b78fb8bd3a8280ad22b0e4e3', '2016-05-31 09:25:43', '2016-05-31 09:25:43'),
(229, 6, 31, 0, '42d02bd0c73cb27e4ffc7862910ea1f4', '2016-05-31 09:25:43', '2016-05-31 09:25:43'),
(230, 6, 32, 13532, 'f001a9bf2feee6f697ad76a63b13b6d7', '2016-05-31 09:25:43', '2016-05-31 09:25:43'),
(231, 6, 33, 0, 'faf02b2358de8933f480a146f4d2d98e', '2016-05-31 09:25:43', '2016-05-31 09:25:43'),
(232, 8, 1, 0, '7a53928fa4dd31e82c6ef826f341daec', '2016-05-31 20:13:28', '2016-05-31 20:13:28'),
(233, 8, 2, 0, 'b6edc1cd1f36e45daf6d7824d7bb2283', '2016-05-31 20:13:28', '2016-05-31 20:13:28'),
(234, 8, 3, 0, 'e2a2dcc36a08a345332c751b2f2e476c', '2016-05-31 20:13:28', '2016-05-31 20:13:28'),
(235, 8, 4, 0, '8e82ab7243b7c66d768f1b8ce1c967eb', '2016-05-31 20:13:28', '2016-05-31 20:13:28'),
(236, 8, 5, 0, 'fa83a11a198d5a7f0bf77a1987bcd006', '2016-05-31 20:13:28', '2016-05-31 20:13:28'),
(237, 8, 6, 0, '1efa39bcaec6f3900149160693694536', '2016-05-31 20:13:28', '2016-05-31 20:13:28'),
(238, 8, 7, 0, 'fc49306d97602c8ed1be1dfbf0835ead', '2016-05-31 20:13:28', '2016-05-31 20:13:28'),
(239, 8, 8, 0, '22fb0cee7e1f3bde58293de743871417', '2016-05-31 20:13:28', '2016-05-31 20:13:28'),
(240, 8, 9, 0, '1f50893f80d6830d62765ffad7721742', '2016-05-31 20:13:28', '2016-05-31 20:13:28'),
(241, 8, 10, 0, '024d7f84fff11dd7e8d9c510137a2381', '2016-05-31 20:13:28', '2016-05-31 20:13:28'),
(242, 8, 11, 0, '9cea886b9f44a3c2df1163730ab64994', '2016-05-31 20:13:28', '2016-05-31 20:13:28'),
(243, 8, 12, 0, '71b9e42fd1490c2ee83c1bc4c4e37da3', '2016-05-31 20:13:28', '2016-05-31 20:13:28'),
(244, 8, 13, 0, '1becf26e9f32353e30870060538746e7', '2016-05-31 20:13:28', '2016-05-31 20:13:28'),
(245, 8, 14, 0, '66cf21351023f60e092be950584699cb', '2016-05-31 20:13:28', '2016-05-31 20:13:28'),
(246, 8, 15, 0, 'e2db7186375992e729165726762cb4c1', '2016-05-31 20:13:28', '2016-05-31 20:13:28'),
(247, 8, 16, 0, 'c68bd9055776bf38d8fc43c0ed283678', '2016-05-31 20:13:28', '2016-05-31 20:13:28'),
(248, 8, 17, 0, '89d9c467c2926de8ef12d1f3e006d06b', '2016-05-31 20:13:28', '2016-05-31 20:13:28'),
(249, 8, 18, 0, 'c37f9e1283cbd4a6edfd778fc8b1c652', '2016-05-31 20:13:28', '2016-05-31 20:13:28'),
(250, 8, 19, 0, '6e187996e9cc9d93c5f4452695768290', '2016-05-31 20:13:28', '2016-05-31 20:13:28'),
(251, 8, 20, 0, '16bb35ba24bac33d95ee9f1f65a41b53', '2016-05-31 20:13:28', '2016-05-31 20:13:28'),
(252, 8, 21, 0, '486c0401c56bf7ec2daa9eba58907da9', '2016-05-31 20:13:28', '2016-05-31 20:13:28'),
(253, 8, 22, 0, '2c463dfdde588f3bfc60d53118c10d6b', '2016-05-31 20:13:28', '2016-05-31 20:13:28'),
(254, 8, 23, 0, '7c0e0e8da3c1e8ac3739456178b8f6ba', '2016-05-31 20:13:28', '2016-05-31 20:13:28'),
(255, 8, 24, 0, 'bd4a6d0563e0604510989eb8f9ff71f5', '2016-05-31 20:13:28', '2016-05-31 20:13:28'),
(256, 8, 25, 0, 'c3f4db3a634aa769c0f1161219272d03', '2016-05-31 20:13:28', '2016-05-31 20:13:28'),
(257, 8, 26, 210, '13b13a08145867cbd4468f6bd70a93ba', '2016-05-31 20:13:28', '2016-05-31 20:13:28'),
(258, 8, 27, 228, 'abf68862d6db787508c8b09c9874a28a', '2016-05-31 20:13:28', '2016-05-31 20:13:28'),
(259, 8, 28, 0, '1b486d7a5189ebe8d8c46afc64b0d1b4', '2016-05-31 20:13:28', '2016-05-31 20:13:28'),
(260, 8, 29, 1284, 'ac2c3b4a8cd7a53aacf45b862c3d17d4', '2016-05-31 20:13:28', '2016-05-31 20:13:28'),
(261, 8, 30, 0, '95b431e51fc53692913da5263c214162', '2016-05-31 20:13:28', '2016-05-31 20:13:28'),
(262, 8, 31, 0, '9b40aee76034c9543ceacba5df759a1d', '2016-05-31 20:13:28', '2016-05-31 20:13:28'),
(263, 8, 32, 350, '49fe3e8d57c057bf9c13c59ca7cec6ce', '2016-05-31 20:13:28', '2016-05-31 20:13:28'),
(264, 8, 33, 0, '690f44c8c2b7ded579d01abe8fdb6110', '2016-05-31 20:13:28', '2016-05-31 20:13:28'),
(265, 9, 1, 0, 'acf4b89d3d503d8252c9c4ba75ddbf6d', '2016-05-31 20:15:22', '2016-05-31 20:15:22'),
(266, 9, 2, 0, 'e205ee2a5de471a70c1fd1b46033a75f', '2016-05-31 20:15:22', '2016-05-31 20:15:22'),
(267, 9, 3, 0, '6d0f846348a856321729a2f36734d1a7', '2016-05-31 20:15:22', '2016-05-31 20:15:22'),
(268, 9, 4, 0, '1cc3633c579a90cfdd895e64021e2163', '2016-05-31 20:15:22', '2016-05-31 20:15:22'),
(269, 9, 5, 0, '8d6dc35e506fc23349dd10ee68dabb64', '2016-05-31 20:15:22', '2016-05-31 20:15:22'),
(270, 9, 6, 0, 'a3d68b461bd9d3533ee1dd3ce4628ed4', '2016-05-31 20:15:22', '2016-05-31 20:15:22'),
(271, 9, 7, 0, '437d7d1d97917cd627a34a6a0fb41136', '2016-05-31 20:15:22', '2016-05-31 20:15:22'),
(272, 9, 8, 0, '89fcd07f20b6785b92134bd6c1d0fa42', '2016-05-31 20:15:22', '2016-05-31 20:15:22'),
(273, 9, 9, 0, 'd79aac075930c83c2f1e369a511148fe', '2016-05-31 20:15:22', '2016-05-31 20:15:22'),
(274, 9, 10, 0, '4fac9ba115140ac4f1c22da82aa0bc7f', '2016-05-31 20:15:22', '2016-05-31 20:15:22'),
(275, 9, 11, 0, 'fc1dc4549df0335d7f506edb5d66af16', '2016-05-31 20:15:22', '2016-05-31 20:15:22'),
(276, 9, 12, 132, '79edd54fa49db511a7ba62cd80e2a4d7', '2016-05-31 20:15:22', '2016-05-31 20:15:22'),
(277, 9, 13, 0, 'eebe038e47780c96e2762b5e2003cef7', '2016-05-31 20:15:22', '2016-05-31 20:15:22'),
(278, 9, 14, 0, '6ef07f927172f6d48f2e72d606a03713', '2016-05-31 20:15:22', '2016-05-31 20:15:22'),
(279, 9, 15, 0, 'e36e62f84744ea6916927027c9d651ad', '2016-05-31 20:15:22', '2016-05-31 20:15:22'),
(280, 9, 16, 0, '30dd22174d06b0cd2e50c352a8a8a49e', '2016-05-31 20:15:22', '2016-05-31 20:15:22'),
(281, 9, 17, 0, '7867d6557b82ed3b5d61e6591a2a2fd3', '2016-05-31 20:15:22', '2016-05-31 20:15:22'),
(282, 9, 18, 0, 'f5bf2f80e0924a366859e958c6507ea9', '2016-05-31 20:15:22', '2016-05-31 20:15:22'),
(283, 9, 19, 0, '398410ece9d7343091093a2a7f8ee381', '2016-05-31 20:15:22', '2016-05-31 20:15:22'),
(284, 9, 20, 0, '4ef30115b941a1bcd71ffebb50c69ece', '2016-05-31 20:15:22', '2016-05-31 20:15:22'),
(285, 9, 21, 0, '4150d6a4725ff1484640c9d2e458a429', '2016-05-31 20:15:22', '2016-05-31 20:15:22'),
(286, 9, 22, 0, '1457c0d6bfcb4967418bfb8ac142f64a', '2016-05-31 20:15:22', '2016-05-31 20:15:22'),
(287, 9, 23, 0, 'e4d09d3f57c2c971c8b2bf8efb416a0a', '2016-05-31 20:15:22', '2016-05-31 20:15:22'),
(288, 9, 24, 0, 'c879ec4dfeaa4d0f14f8f395a09941c2', '2016-05-31 20:15:22', '2016-05-31 20:15:22'),
(289, 9, 25, 0, '29a6aa8af3c942a277478a90aa4cae21', '2016-05-31 20:15:22', '2016-05-31 20:15:22'),
(290, 9, 26, 206, '70bfa3041733bc9a18d4d335c7372c6e', '2016-05-31 20:15:22', '2016-05-31 20:15:22'),
(291, 9, 27, 439, '3b2727bb66f2489746a5f2aa3f2f9937', '2016-05-31 20:15:22', '2016-05-31 20:15:22'),
(292, 9, 28, 0, '250473494b245120a7eaf8b2e6b1f17c', '2016-05-31 20:15:22', '2016-05-31 20:15:22'),
(293, 9, 29, 1010, 'fb2d072253fb73315739d93a0d0a43ca', '2016-05-31 20:15:22', '2016-05-31 20:15:22'),
(294, 9, 30, 0, 'c76fc22972602cd585beccfb9be283c8', '2016-05-31 20:15:22', '2016-05-31 20:15:22'),
(295, 9, 31, 0, 'fa28c6cdf8dd6f41a657c3d7caa5c709', '2016-05-31 20:15:22', '2016-05-31 20:15:22'),
(296, 9, 32, 0, 'c0fda89ebd645bd7cea60fcbb5960309', '2016-05-31 20:15:22', '2016-05-31 20:15:22'),
(297, 9, 33, 423, 'be74db1fdba766df765b08f1bbeb41d3', '2016-05-31 20:15:22', '2016-05-31 20:15:22'),
(298, 12, 1, 0, 'fe2d010308a6b3799a3d9c728ee74244', '2016-05-31 20:18:05', '2016-05-31 20:18:05'),
(299, 12, 2, 0, 'f7cade80b7cc92b991cf4d2806d6bd78', '2016-05-31 20:18:05', '2016-05-31 20:18:05'),
(300, 12, 3, 0, 'b24d516bb65a5a58079f0f3526c87c57', '2016-05-31 20:18:05', '2016-05-31 20:18:05'),
(301, 12, 4, 255, '233a6b81a0280a340b1607a9fbe298d5', '2016-05-31 20:18:05', '2016-05-31 20:18:05'),
(302, 12, 5, 405, '682443650fd9ccfdb7bd86e6a93b7ef5', '2016-05-31 20:18:05', '2016-05-31 20:18:05'),
(303, 12, 6, 0, '81e5f81db77c596492e6f1a5a792ed53', '2016-05-31 20:18:05', '2016-05-31 20:18:05'),
(304, 12, 7, 0, 'f4573fc71c731d5c362f0d7860945b88', '2016-05-31 20:18:05', '2016-05-31 20:18:05'),
(305, 12, 8, 0, 'c850371fda6892fbfd1c5a5b457e5777', '2016-05-31 20:18:05', '2016-05-31 20:18:05'),
(306, 12, 9, 0, 'da11e8cd1811acb79ccf0fd62cd58f86', '2016-05-31 20:18:05', '2016-05-31 20:18:05'),
(307, 12, 10, 134, '754e17da514117c976b6311cdfa35d70', '2016-05-31 20:18:05', '2016-05-31 20:18:05'),
(308, 12, 11, 0, 'c8829bcfb9c1d89b93f14dee9add8a0b', '2016-05-31 20:18:05', '2016-05-31 20:18:05'),
(309, 12, 12, 0, '36597855fca55b54f30f55d8820a2f8b', '2016-05-31 20:18:05', '2016-05-31 20:18:05'),
(310, 12, 13, 0, 'ccbb0d2d7248a094aac08e8ea02fc5b0', '2016-05-31 20:18:05', '2016-05-31 20:18:05'),
(311, 12, 14, 0, '8a2bd3e7515b99c88006a6956bc284e9', '2016-05-31 20:18:05', '2016-05-31 20:18:05'),
(312, 12, 15, 0, '8bff390dadc80bbeca7bc73193de2355', '2016-05-31 20:18:05', '2016-05-31 20:18:05'),
(313, 12, 16, 0, '8a66cd1b3045b820efd42dbf18eb28e1', '2016-05-31 20:18:05', '2016-05-31 20:18:05'),
(314, 12, 17, 0, 'aa0f9de3c3f38177051c3c8741dac037', '2016-05-31 20:18:05', '2016-05-31 20:18:05'),
(315, 12, 18, 0, 'b8e32c77dec45bcb3429af70c8fd7a8b', '2016-05-31 20:18:05', '2016-05-31 20:18:05'),
(316, 12, 19, 0, 'fa6f278a192469e3da1a8d72f1e5af23', '2016-05-31 20:18:05', '2016-05-31 20:18:05'),
(317, 12, 20, 0, '391e1830d381c2f388575154a12b19a8', '2016-05-31 20:18:05', '2016-05-31 20:18:05'),
(318, 12, 21, 0, 'b62973ddb1a4d7a0ea30a1052012af19', '2016-05-31 20:18:05', '2016-05-31 20:18:05'),
(319, 12, 22, 0, 'c1e247e2235eb596c080297d6903cf39', '2016-05-31 20:18:05', '2016-05-31 20:18:05'),
(320, 12, 23, 0, '96752f0608aff8b3436a1b5a5099c0ce', '2016-05-31 20:18:05', '2016-05-31 20:18:05'),
(321, 12, 24, 0, 'b9ea004175174b1db18270d463c3455c', '2016-05-31 20:18:05', '2016-05-31 20:18:05'),
(322, 12, 25, 0, 'b750f74544cb00c138079607276995e9', '2016-05-31 20:18:05', '2016-05-31 20:18:05'),
(323, 12, 26, 206, 'b96c121874c54253e85ac8b2aaf03e2c', '2016-05-31 20:18:05', '2016-05-31 20:18:05'),
(324, 12, 27, 143, '504cea63b8e4d1c0a8eb0fd488ef4f81', '2016-05-31 20:18:05', '2016-05-31 20:18:05'),
(325, 12, 28, 0, 'e3752bd232f5ce0a575ae0a35c06c79c', '2016-05-31 20:18:05', '2016-05-31 20:18:05'),
(326, 12, 29, 680, '987708d045b5179bdfba9d5bbfaaf2ea', '2016-05-31 20:18:05', '2016-05-31 20:18:05'),
(327, 12, 30, 0, '0bd81786a8ec6ae9b22cbb3cb4d88179', '2016-05-31 20:18:05', '2016-05-31 20:18:05'),
(328, 12, 31, 0, 'a1b7f6c7d739aa48d5dfaacf54df3994', '2016-05-31 20:18:05', '2016-05-31 20:18:05'),
(329, 12, 32, 217, '034743e9f0fb0d34d8aa57c2fe9ed447', '2016-05-31 20:18:05', '2016-05-31 20:18:05'),
(330, 12, 33, 0, '0c620bcfc2a979fe9f22acbe0019f276', '2016-05-31 20:18:05', '2016-05-31 20:18:05'),
(331, 13, 1, 0, '6f3e29a35278d71c7f65495871231324', '2016-05-31 20:18:26', '2016-05-31 20:18:26'),
(332, 13, 2, 0, '535ab76633d94208236a2e829ea6d888', '2016-05-31 20:18:26', '2016-05-31 20:18:26'),
(333, 13, 3, 0, '2a50e9c2d6b89b95bcb416d6857f8b45', '2016-05-31 20:18:26', '2016-05-31 20:18:26'),
(334, 13, 4, 0, 'fe51510c80bfd6e5d78a164cd5b1f688', '2016-05-31 20:18:26', '2016-05-31 20:18:26'),
(335, 13, 5, 0, '4f87658ef0de194413056248a00ce009', '2016-05-31 20:18:26', '2016-05-31 20:18:26'),
(336, 13, 6, 0, '861dc9bd7f4e7dd3cccd534d0ae2a2e9', '2016-05-31 20:18:26', '2016-05-31 20:18:26'),
(337, 13, 7, 0, 'fb508ef074ee78a0e58c68be06d8a2eb', '2016-05-31 20:18:26', '2016-05-31 20:18:26'),
(338, 13, 8, 0, 'd1ee59e20ad01cedc15f5118a7626099', '2016-05-31 20:18:26', '2016-05-31 20:18:26'),
(339, 13, 9, 0, 'ea8fcd92d59581717e06eb187f10666d', '2016-05-31 20:18:26', '2016-05-31 20:18:26'),
(340, 13, 10, 0, '359f38463d487e9e29bd20e24f0c050a', '2016-05-31 20:18:26', '2016-05-31 20:18:26'),
(341, 13, 11, 0, '2316788c9a61179830bbe49c5e767369', '2016-05-31 20:18:26', '2016-05-31 20:18:26'),
(342, 13, 12, 0, '3e55526969e8df9ffaefe69d1d590825', '2016-05-31 20:18:26', '2016-05-31 20:18:26'),
(343, 13, 13, 153, '3c96426e4a272179b7e7737ac334950f', '2016-05-31 20:18:26', '2016-05-31 20:18:26'),
(344, 13, 14, 0, '1686c5ec96f728148f941ab2b0f2cc35', '2016-05-31 20:18:26', '2016-05-31 20:18:26'),
(345, 13, 15, 577, 'ca1749ff1f5cc64ec587a95dc847aab7', '2016-05-31 20:18:26', '2016-05-31 20:18:26'),
(346, 13, 16, 0, '302fb879d23a9f8b8b43c453fd3bfed3', '2016-05-31 20:18:26', '2016-05-31 20:18:26'),
(347, 13, 17, 0, 'a3a8185b610d2c5e39015f64972c8705', '2016-05-31 20:18:26', '2016-05-31 20:18:26'),
(348, 13, 18, 0, 'c034642a2ae7547082484627da30f1fd', '2016-05-31 20:18:26', '2016-05-31 20:18:26'),
(349, 13, 19, 0, '823de42f619c837112209aa7a127c4af', '2016-05-31 20:18:26', '2016-05-31 20:18:26'),
(350, 13, 20, 0, '7d288f69a0110ea0add97ae01491e752', '2016-05-31 20:18:26', '2016-05-31 20:18:26'),
(351, 13, 21, 0, '864dc00769bd71798c589f363eb7d222', '2016-05-31 20:18:26', '2016-05-31 20:18:26'),
(352, 13, 22, 0, '18b0ad2e92c278e9f6f4d23bfe8d9c77', '2016-05-31 20:18:26', '2016-05-31 20:18:26'),
(353, 13, 23, 0, 'd0d80c2a8e1344d9026b2b1261a070f2', '2016-05-31 20:18:26', '2016-05-31 20:18:26'),
(354, 13, 24, 0, '089234f71dea0ae931a029e8a3a45502', '2016-05-31 20:18:26', '2016-05-31 20:18:26'),
(355, 13, 25, 0, '23d6c2965508b167da9c4bdcef3a2aa3', '2016-05-31 20:18:26', '2016-05-31 20:18:26'),
(356, 13, 26, 206, '4c545efbec6e0708404a88a8d09d35f3', '2016-05-31 20:18:26', '2016-05-31 20:18:26'),
(357, 13, 27, 474, '761411c4e0490781c4e146b693f278f3', '2016-05-31 20:18:26', '2016-05-31 20:18:26'),
(358, 13, 28, 0, '7651301cabf91a1be8e3cf0b72e8734f', '2016-05-31 20:18:26', '2016-05-31 20:18:26'),
(359, 13, 29, 612, '7d0497c89f9097553de0c3ebad977fd1', '2016-05-31 20:18:26', '2016-05-31 20:18:26'),
(360, 13, 30, 0, 'c740a1ff47c2ee2e7bd7530f4853cbf0', '2016-05-31 20:18:26', '2016-05-31 20:18:26'),
(361, 13, 31, 0, '62c1b075041300455ec2b54495d93c99', '2016-05-31 20:18:26', '2016-05-31 20:18:26'),
(362, 13, 32, 173, '263390cbc97abbf4559608a35b5e2c31', '2016-05-31 20:18:26', '2016-05-31 20:18:26'),
(363, 13, 33, 0, '04adc1e3a14eb5fa654770fc7fd077b1', '2016-05-31 20:18:26', '2016-05-31 20:18:26'),
(364, 18, 1, 0, 'f39ae9ff3a81f499230c4126e01f421b', '2016-05-31 20:30:50', '2016-05-31 20:30:50'),
(365, 18, 2, 0, '6e79ed05baec2754e25b4eac73a332d2', '2016-05-31 20:30:50', '2016-05-31 20:30:50'),
(366, 18, 3, 0, 'f2d887e01a80e813d9080038decbbabb', '2016-05-31 20:30:50', '2016-05-31 20:30:50'),
(367, 18, 4, 0, '069654d5ce089c13f642d19f09a3d1c0', '2016-05-31 20:30:50', '2016-05-31 20:30:50'),
(368, 18, 5, 0, '201d7288b4c18a679e48b31c72c30ded', '2016-05-31 20:30:50', '2016-05-31 20:30:50'),
(369, 18, 6, 0, '8c3039bd5842dca3d944faab91447818', '2016-05-31 20:30:50', '2016-05-31 20:30:50'),
(370, 18, 7, 0, '96c5c28becf18e71190460a9955aa4d8', '2016-05-31 20:30:50', '2016-05-31 20:30:50'),
(371, 18, 8, 0, 'd305281faf947ca7acade9ad5c8c818c', '2016-05-31 20:30:50', '2016-05-31 20:30:50'),
(372, 18, 9, 811, 'f818304ae27acc9ffed41e52e6ba5bc8', '2016-05-31 20:30:50', '2016-05-31 20:30:50'),
(373, 18, 10, 0, '865dfbde8a344b44095495f3591f7407', '2016-05-31 20:30:50', '2016-05-31 20:30:50'),
(374, 18, 11, 0, 'f124cf87676306f9f59d23fe8e4ba0f2', '2016-05-31 20:30:50', '2016-05-31 20:30:50'),
(375, 18, 12, 0, '8480ce3751484ef6ea7471ad04eaa9a7', '2016-05-31 20:30:50', '2016-05-31 20:30:50'),
(376, 18, 13, 0, '160743788aa7329fe5ebd7d19383e361', '2016-05-31 20:30:50', '2016-05-31 20:30:50'),
(377, 18, 14, 0, '77e86f5489a21d225ec448dce1fec3a7', '2016-05-31 20:30:50', '2016-05-31 20:30:50'),
(378, 18, 15, 0, '9b5af8696030810f396c315b9577ffd0', '2016-05-31 20:30:50', '2016-05-31 20:30:50'),
(379, 18, 16, 0, 'cd4b78a5026aaff9159f31e5c5997089', '2016-05-31 20:30:50', '2016-05-31 20:30:50'),
(380, 18, 17, 0, '00a59ba9fb2b36cf6b940130aa4361a4', '2016-05-31 20:30:50', '2016-05-31 20:30:50'),
(381, 18, 18, 0, 'ad801013f6b931f32fd2ac60bfab8126', '2016-05-31 20:30:50', '2016-05-31 20:30:50'),
(382, 18, 19, 0, 'f3d205b3f8c2bb28c46e204c6f1b499d', '2016-05-31 20:30:50', '2016-05-31 20:30:50'),
(383, 18, 20, 0, 'dbb98c5cb7d0c5942a4a7e47c28bf5fb', '2016-05-31 20:30:50', '2016-05-31 20:30:50'),
(384, 18, 21, 0, '33ec1f50197cc4f74b3e8dc359ec3280', '2016-05-31 20:30:50', '2016-05-31 20:30:50'),
(385, 18, 22, 0, 'a70a3a174938bdf20e7b87062c015792', '2016-05-31 20:30:50', '2016-05-31 20:30:50'),
(386, 18, 23, 0, 'abfd676ad3a01f1e8860fecff9f5b8e0', '2016-05-31 20:30:50', '2016-05-31 20:30:50'),
(387, 18, 24, 0, 'e74e04516a69fd83fdce8ce5eb58cabb', '2016-05-31 20:30:50', '2016-05-31 20:30:50'),
(388, 18, 25, 0, 'fea427597536f3e21482196d31927037', '2016-05-31 20:30:50', '2016-05-31 20:30:50'),
(389, 18, 26, 210, '32b3336da069bbad06001067825dd9ef', '2016-05-31 20:30:50', '2016-05-31 20:30:50'),
(390, 18, 27, 117, '2340f781af9d366676a27e3fab99bd2c', '2016-05-31 20:30:50', '2016-05-31 20:30:50'),
(391, 18, 28, 0, '979a659fe9f4cc5f2dfef047b5da50ab', '2016-05-31 20:30:50', '2016-05-31 20:30:50'),
(392, 18, 29, 750, '0cbc8d2913c5053e908e2064a0029145', '2016-05-31 20:30:50', '2016-05-31 20:30:50'),
(393, 18, 30, 0, '06992f330e7e9270e0745934c304d173', '2016-05-31 20:30:50', '2016-05-31 20:30:50'),
(394, 18, 31, 0, '49d86226f20f62ca878fd1b8e4cfc29c', '2016-05-31 20:30:50', '2016-05-31 20:30:50'),
(395, 18, 32, 0, '7a7b4862f2e69483a113f471c2f98acf', '2016-05-31 20:30:50', '2016-05-31 20:30:50'),
(396, 18, 33, 0, 'e5d29d3c97a838c22a1f19ece2f45a1a', '2016-05-31 20:30:50', '2016-05-31 20:30:50'),
(397, 24, 1, 0, '03cf87174debaccd689c90c34577b82f', '2016-05-31 20:40:35', '2016-05-31 20:40:35'),
(398, 24, 2, 0, 'a6ea8471c120fe8cc35a2954c9b9c595', '2016-05-31 20:40:35', '2016-05-31 20:40:35'),
(399, 24, 3, 0, '7993e11204b215b27694b6f139e34ce8', '2016-05-31 20:40:35', '2016-05-31 20:40:35'),
(400, 24, 4, 0, '1fb2a1c37b18aa4611c3949d6148d0f8', '2016-05-31 20:40:35', '2016-05-31 20:40:35'),
(401, 24, 5, 0, 'feecee9f1643651799ede2740927317a', '2016-05-31 20:40:35', '2016-05-31 20:40:35'),
(402, 24, 6, 0, '49d4b2faeb4b7b9e745775793141e2b2', '2016-05-31 20:40:35', '2016-05-31 20:40:35'),
(403, 24, 7, 0, 'e9412ee564384b987d086df32d4ce6b7', '2016-05-31 20:40:35', '2016-05-31 20:40:35'),
(404, 24, 8, 0, '7cc234202e98d2722580858573fd0817', '2016-05-31 20:40:35', '2016-05-31 20:40:35'),
(405, 24, 9, 0, 'b06b5541a62ed438f956b662b4e1ec28', '2016-05-31 20:40:35', '2016-05-31 20:40:35'),
(406, 24, 10, 0, '347665597cbfaef834886adbb848011f', '2016-05-31 20:40:35', '2016-05-31 20:40:35'),
(407, 24, 11, 0, 'f29c0f1c5f3cc955ceed26b4a4d6e1d9', '2016-05-31 20:40:35', '2016-05-31 20:40:35'),
(408, 24, 12, 686, '75c18080ccac52d07b45a65d42310856', '2016-05-31 20:40:35', '2016-05-31 20:40:35'),
(409, 24, 13, 0, '9d8cc04d36560d8bb56054f8f9354138', '2016-05-31 20:40:35', '2016-05-31 20:40:35'),
(410, 24, 14, 0, 'd34b265ec889c175e2a1ade81d393d94', '2016-05-31 20:40:35', '2016-05-31 20:40:35'),
(411, 24, 15, 0, '542b9ce5413bbceea136fecb513df4c3', '2016-05-31 20:40:35', '2016-05-31 20:40:35'),
(412, 24, 16, 0, '8ec959b57278128ac65607f07812f0fd', '2016-05-31 20:40:35', '2016-05-31 20:40:35'),
(413, 24, 17, 0, 'd61bc8a71e83b3799b433cf0b29a36e4', '2016-05-31 20:40:35', '2016-05-31 20:40:35'),
(414, 24, 18, 0, '133232fc800034e36792956ebea38deb', '2016-05-31 20:40:35', '2016-05-31 20:40:35'),
(415, 24, 19, 0, '94fb5e0d0f503714002dd7ba30e89195', '2016-05-31 20:40:35', '2016-05-31 20:40:35'),
(416, 24, 20, 0, 'ce4a5cd2d961ac2c758c43c3c2b72caa', '2016-05-31 20:40:35', '2016-05-31 20:40:35'),
(417, 24, 21, 0, 'f0a1a529f475b1900279e9217e38f45d', '2016-05-31 20:40:35', '2016-05-31 20:40:35'),
(418, 24, 22, 0, '5e57e76cd6ebcdd544ce5dd30faa95db', '2016-05-31 20:40:35', '2016-05-31 20:40:35'),
(419, 24, 23, 0, 'cf5194e6374a74876e12ddcba1cff0b7', '2016-05-31 20:40:35', '2016-05-31 20:40:35'),
(420, 24, 24, 0, '19e12b394e88f05407704a9c89d40277', '2016-05-31 20:40:35', '2016-05-31 20:40:35'),
(421, 24, 25, 0, 'ef239417f3ff79261005a11fe4b25651', '2016-05-31 20:40:35', '2016-05-31 20:40:35'),
(422, 24, 26, 206, '0710e317d41fdd97f2dcd1e92d61e925', '2016-05-31 20:40:35', '2016-05-31 20:40:35'),
(423, 24, 27, 0, '9d253ace7cf557b2f1f99d319649e74f', '2016-05-31 20:40:35', '2016-05-31 20:40:35'),
(424, 24, 28, 0, 'd436cae949c81b9970593a225df2d479', '2016-05-31 20:40:35', '2016-05-31 20:40:35'),
(425, 24, 29, 1024, 'c8bda7e13ea143dc49ed9cfbba5c8d53', '2016-05-31 20:40:35', '2016-05-31 20:40:35'),
(426, 24, 30, 0, 'b0099c9e085ffd780c1ba9d144caae56', '2016-05-31 20:40:35', '2016-05-31 20:40:35'),
(427, 24, 31, 0, 'd1baab7ffae45100860a3825fa29b7e1', '2016-05-31 20:40:35', '2016-05-31 20:40:35'),
(428, 24, 32, 0, '42c558afca2928af13d868d104e2dca5', '2016-05-31 20:40:35', '2016-05-31 20:40:35'),
(429, 24, 33, 268, 'f546e4570e957c195ed09811b08a9c54', '2016-05-31 20:40:35', '2016-05-31 20:40:35');

-- --------------------------------------------------------

--
-- Table structure for table `images`
--

CREATE TABLE `images` (
  `id` int(10) UNSIGNED NOT NULL,
  `file_name` varchar(255) NOT NULL,
  `size` bigint(20) UNSIGNED NOT NULL,
  `location` varchar(255) NOT NULL,
  `description` varchar(255) NOT NULL,
  `created_at` datetime NOT NULL,
  `updated_at` datetime NOT NULL
) ENGINE=InnoDB DEFAULT CHARSET=latin1;

--
-- Dumping data for table `images`
--

INSERT INTO `images` (`id`, `file_name`, `size`, `location`, `description`, `created_at`, `updated_at`) VALUES
(1, 'balloon_ribbon_green_226780_l2.jpg', 7042, 'assets/img/upload/8ed2e9907c8ff5873c394a0621cbbd14.jpg', '', '2016-05-31 09:25:41', '2016-05-31 09:25:41'),
(2, '10inchlime-green-latex-balloons.jpg', 27499, 'assets/img/upload/c502ca68115cc33a7606f19a449600d5.jpg', '', '2016-05-31 09:25:41', '2016-05-31 09:25:41'),
(3, 'balloon-red.png', 186054, 'assets/img/upload/50c10c9e5347c3f99cb2da2d1b094f5a.png', '', '2016-05-31 09:25:42', '2016-05-31 09:25:42'),
(4, 'balloon-yellow.png', 91529, 'assets/img/upload/eef5e3b7c41872b88155ec2275cce946.png', '', '2016-05-31 09:25:43', '2016-05-31 09:25:43'),
(5, 'balon12-red.jpg', 10448, 'assets/img/upload/da69352721068f58d07ae7989cda1270.jpg', '', '2016-05-31 09:25:43', '2016-05-31 09:25:43'),
(6, 'red-ballon.jpg', 107661, 'assets/img/upload/be196bf67116719d5187b232ceffd47c.jpg', '', '2016-05-31 09:25:43', '2016-05-31 09:25:43'),
(7, 'thumb.jpg', 8899, 'assets/img/upload/f4ea4d6081e54de534cc6b55567e4cd9.jpg', '', '2016-05-31 09:25:43', '2016-05-31 09:25:43'),
(8, 'Algeria.png', 1445, 'assets/img/upload/be6433a4f05614fc39017fe1295ff4be.png', '', '2016-05-31 20:13:28', '2016-05-31 20:13:28'),
(9, 'Antarctica.png', 1669, 'assets/img/upload/44b9c4fb11d1e07b68159c78dd5384ca.png', '', '2016-05-31 20:15:22', '2016-05-31 20:15:22'),
(12, 'Antigua & Barbuda.png', 2089, 'assets/img/upload/530df51c7dd1b21e5cc6aac5c44f0838.png', '', '2016-05-31 20:18:05', '2016-05-31 20:18:05'),
(13, 'Arab League.png', 2506, 'assets/img/upload/be8556715525a97499ed9e53d5997a2c.png', '', '2016-05-31 20:18:26', '2016-05-31 20:18:26'),
(18, 'Anguilla.png', 2619, 'assets/img/upload/d365531961db0d1acca05f107727b624.png', '', '2016-05-31 20:30:50', '2016-05-31 20:30:50'),
(24, 'Argentina.png', 839, 'assets/img/upload/1f655c726b9b947a787ee7aaa9f31f47.png', '', '2016-05-31 20:40:35', '2016-05-31 20:40:35'),
(25, 'amusement_0487.jpg', 26356, 'assets/img/upload/5150ca1c39b2606a120c46059133dc4b.jpg', '', '2016-06-07 21:16:59', '2016-06-07 21:16:59'),
(26, 'amusement_0494.jpg', 15616, 'assets/img/upload/aa7fde15c05af67dcec189fb71ad5e3a.jpg', '', '2016-06-07 21:17:12', '2016-06-07 21:17:12');

--
-- Indexes for dumped tables
--

--
-- Indexes for table `color_feature`
--
ALTER TABLE `color_feature`
  ADD PRIMARY KEY (`id`);

--
-- Indexes for table `feature_image`
--
ALTER TABLE `feature_image`
  ADD PRIMARY KEY (`id`),
  ADD KEY `image_id` (`image_id`),
  ADD KEY `color_feature_id` (`color_feature_id`);

--
-- Indexes for table `images`
--
ALTER TABLE `images`
  ADD PRIMARY KEY (`id`),
  ADD UNIQUE KEY `idx_location` (`location`);

--
-- AUTO_INCREMENT for dumped tables
--

--
-- AUTO_INCREMENT for table `color_feature`
--
ALTER TABLE `color_feature`
  MODIFY `id` int(11) UNSIGNED NOT NULL AUTO_INCREMENT, AUTO_INCREMENT=34;
--
-- AUTO_INCREMENT for table `feature_image`
--
ALTER TABLE `feature_image`
  MODIFY `id` int(10) UNSIGNED NOT NULL AUTO_INCREMENT, AUTO_INCREMENT=430;
--
-- AUTO_INCREMENT for table `images`
--
ALTER TABLE `images`
  MODIFY `id` int(10) UNSIGNED NOT NULL AUTO_INCREMENT, AUTO_INCREMENT=27;
/*!40101 SET CHARACTER_SET_CLIENT=@OLD_CHARACTER_SET_CLIENT */;
/*!40101 SET CHARACTER_SET_RESULTS=@OLD_CHARACTER_SET_RESULTS */;
/*!40101 SET COLLATION_CONNECTION=@OLD_COLLATION_CONNECTION */;
